{"cameraMode":{"drawMode":0,"name":"Shaded","section":"Shading Mode"},"sceneLighting":true,"audioPlay":false,"sceneViewState":{"showFog":false,"showMaterialUpdate":false,"showSkybox":false,"showFlares":false,"showImageEffects":false,"showParticleSystems":false},"in2DMode":false,"pivot":{"x":-2.4397995471954347,"y":0.13916611671447755,"z":0.841890811920166},"rotation":{"x":0.03300787881016731,"y":0.9665895700454712,"z":-0.16423854231834413,"w":0.1942257136106491},"size":7.0004425048828129,"orthographic":false}