{"cameraMode":{"drawMode":0,"name":"Shaded","section":"Shading Mode"},"sceneLighting":true,"audioPlay":false,"sceneViewState":{"showFog":true,"showMaterialUpdate":false,"showSkybox":true,"showFlares":true,"showImageEffects":true,"showParticleSystems":true},"in2DMode":false,"pivot":{"x":-15.644012451171875,"y":8.232189178466797,"z":4.398180961608887},"rotation":{"x":0.23398131132125855,"y":0.2066677212715149,"z":-0.050969306379556659,"w":0.9486916065216065},"size":0.2857883870601654,"orthographic":false}