{"cameraMode":{"drawMode":0,"name":"Shaded","section":"Shading Mode"},"sceneLighting":false,"audioPlay":false,"sceneViewState":{"showFog":true,"showMaterialUpdate":false,"showSkybox":false,"showFlares":true,"showImageEffects":true,"showParticleSystems":true},"in2DMode":false,"pivot":{"x":-1.229371190071106,"y":2.2633121013641359,"z":-1.2165884971618653},"rotation":{"x":-0.00356149859726429,"y":0.528217613697052,"z":0.0022073702421039345,"w":0.8491162657737732},"size":7.108913421630859,"orthographic":false}