{"cameraMode":{"drawMode":0,"name":"Shaded","section":"Shading Mode"},"sceneLighting":false,"audioPlay":false,"sceneViewState":{"showFog":true,"showMaterialUpdate":false,"showSkybox":false,"showFlares":true,"showImageEffects":true,"showParticleSystems":true},"in2DMode":false,"pivot":{"x":-10.500000953674317,"y":1.874999761581421,"z":0.5000002384185791},"rotation":{"x":-0.08905163407325745,"y":-0.885625422000885,"z":0.19044047594070435,"w":-0.4141181707382202},"size":8.093838691711426,"orthographic":false}