{"cameraMode":{"drawMode":0,"name":"Shaded","section":"Shading Mode"},"sceneLighting":false,"audioPlay":false,"sceneViewState":{"showFog":true,"showMaterialUpdate":false,"showSkybox":false,"showFlares":true,"showImageEffects":true,"showParticleSystems":true},"in2DMode":false,"pivot":{"x":-1.1920928955078126e-7,"y":-0.12002919614315033,"z":0.0},"rotation":{"x":-0.2788045406341553,"y":-0.24790161848068238,"z":0.07473638653755188,"w":-0.9247984290122986},"size":6.756534099578857,"orthographic":false}