{"cameraMode":{"drawMode":0,"name":"Shaded","section":"Shading Mode"},"sceneLighting":false,"audioPlay":false,"sceneViewState":{"showFog":true,"showMaterialUpdate":false,"showSkybox":false,"showFlares":true,"showImageEffects":true,"showParticleSystems":true},"in2DMode":false,"pivot":{"x":-0.5573819875717163,"y":1.520953893661499,"z":3.841588020324707},"rotation":{"x":0.18425437808036805,"y":-0.5275128483772278,"z":0.11841187626123429,"w":0.8208431005477905},"size":8.7080717086792,"orthographic":false}